user_key,product_name,category,producer_name,total_qty,total_orders,last_order_date,frequency_score,svd_score,rf_score,final_score
1,Strawberry Jam,preserves,River Bend Nursery,15,4,2025-07-15,0.3,0.21557512113664304,0.8897540461676227,0.4852466911490349
1,Whole Milk,dairy,Avon Growers,11,3,2025-11-04,0.2,0.16084914752675683,0.8129219854066279,0.4216782826787052
1,Honey,preserves,Bristol Organics,11,2,2025-04-12,0.1,0.1595527603728914,0.7549447457881882,0.39770955453901013
1,Kale,vegetables,Wye Valley Growers,9,2,2025-11-04,0.1,0.14827755039744964,0.7329135158310304,0.38213193657088196
1,Cheese,dairy,Wye Valley Growers,9,2,2025-07-15,0.1,0.13675573269333993,0.7419622677965326,0.378838346734617
10,Yoghurt,dairy,Severn Side Produce,33,7,2025-12-01,0.6,0.45904510328461384,0.9803845378196896,0.6675808770986441
10,Chutney,preserves,Wye Valley Growers,27,7,2025-12-01,0.6,0.3769175491824721,0.9508071182050195,0.606473376791491
10,Strawberry Jam,preserves,Severn Side Produce,24,4,2025-12-10,0.3,0.3353876505665503,0.8960511315613833,0.5596530429644835
10,Cheese,dairy,Wye Valley Growers,18,5,2025-11-15,0.4,0.2548897477469548,0.872929698434865,0.5021057280221188
10,Whole Milk,dairy,Severn Side Produce,10,4,2025-11-15,0.3,0.1486831220489994,0.9455750444784886,0.4674398910207951
11,Rhubarb,fruits,Bristol Organics,13,2,2025-06-25,0.1,0.17910274227765924,0.819776647361868,0.4353723043113427
11,Kale,vegetables,Wye Valley Growers,13,2,2025-01-12,0.1,0.1861567612659401,0.7879947720981737,0.4268919655988336
11,Raspberries,fruits,Bristol Organics,9,2,2025-06-25,0.1,0.10682893205124229,0.7862198202532611,0.3785852873320498
11,Tomatoes,vegetables,Wye Valley Growers,6,2,2025-01-12,0.1,0.09914322991946659,0.7274134658091831,0.3504513242753532
11,Plums,fruits,Bristol Organics,5,2,2025-08-09,0.1,0.04600342879560318,0.7602411654260524,0.3316985234477829
12,Cheese,dairy,Bristol Organics,31,5,2025-06-03,0.4,0.4309049814539282,0.9542093755763248,0.6402267391028869
12,Whole Milk,dairy,River Bend Nursery,25,4,2025-11-12,0.3,0.34705905871455783,0.9032761715874172,0.5695459038637016
12,Sourdough Loaf,bakery,River Bend Nursery,12,3,2025-09-21,0.2,0.17847118962027025,0.8819249965925312,0.4598527124091747
12,Wholemeal Bread,bakery,River Bend Nursery,19,4,2025-11-12,0.3,0.26869088715235756,0.7269207618247604,0.4519828370213187
12,Apples,fruits,Green Valley Farm,8,2,2025-09-21,0.1,0.10490795233377907,0.71244221701132,0.3479216582047955
13,Wholemeal Bread,bakery,Avon Growers,19,3,2025-12-04,0.2,0.2674163342260725,0.7891090896070933,0.47609343637848084
13,Rhubarb,fruits,Green Valley Farm,14,3,2025-03-30,0.2,0.2150662282534654,0.8097866709344141,0.45295440532584497
13,Sourdough Loaf,bakery,Mendip Hills Farm,7,2,2025-08-30,0.1,0.1086887836018088,0.7960291584429421,0.3836249335382621
13,Pears,fruits,Mendip Hills Farm,13,2,2025-10-04,0.1,0.13617332661764714,0.5371134254384554,0.2965493661459705
13,Raspberries,fruits,Mendip Hills Farm,7,2,2025-08-30,0.1,0.09830715782909284,0.564319733343819,0.2847121880349833
14,Strawberry Jam,preserves,Cotswold Fresh,9,3,2025-10-07,0.2,0.13048688979742581,0.8635139083176683,0.42369769720552286
14,Chutney,preserves,Cotswold Fresh,8,2,2025-10-07,0.1,0.11995584900347557,0.8520419195755311,0.41279027723229783
14,Potatoes,vegetables,Green Valley Farm,9,2,2024-09-27,0.1,0.15081447589973418,0.7156370743686203,0.37674351528728867
14,Kale,vegetables,Mendip Hills Farm,9,2,2024-10-23,0.1,0.11200104822581174,0.7170341019759646,0.3540142697258729
14,Courgettes,vegetables,Avon Growers,12,2,2024-06-07,0.1,0.0708142327404926,0.6915013583348456,0.3190890829782338
15,Whole Milk,dairy,Avon Growers,16,4,2025-12-27,0.3,0.23271428165500474,0.9296710731774253,0.511496998263973
15,Tomatoes,vegetables,Green Valley Farm,18,5,2025-12-14,0.4,0.25410997503700233,0.8500968162592757,0.4925047115259117
15,Carrots,vegetables,Cotswold Fresh,14,4,2025-12-27,0.3,0.20373769833766814,0.90369553417743,0.48372083267357285
15,Potatoes,vegetables,Wye Valley Growers,19,6,2025-12-27,0.5,0.2600947005864061,0.787937812645776,0.47123194541015406
15,Broccoli,vegetables,River Bend Nursery,13,3,2025-12-14,0.2,0.18594246955408586,0.8780777025900784,0.4627965627684829
16,Chutney,preserves,Green Valley Farm,38,11,2025-11-28,1.0,0.526009150342212,0.9753480332702973,0.7057447035134461
16,Yoghurt,dairy,Avon Growers,35,7,2025-11-28,0.6,0.48486957900759353,0.8513712124542602,0.6314702323862602
16,Cheese,dairy,Green Valley Farm,18,4,2025-01-27,0.3,0.255162646678193,0.939933750422518,0.529071088175923
16,Whole Milk,dairy,Wye Valley Growers,17,4,2025-09-08,0.3,0.24490100040363139,0.7885820892020046,0.46237343592298064
16,Honey,preserves,Green Valley Farm,21,4,2025-10-22,0.3,0.2962329734766768,0.6632613570638507,0.4430443269115464
17,Wholemeal Bread,bakery,River Bend Nursery,36,6,2025-10-24,0.5,0.4998247498573599,0.9838687769835572,0.6934423607078388
17,Sourdough Loaf,bakery,Avon Growers,33,6,2025-10-24,0.5,0.45759202877200145,0.9371203966891392,0.6494033759388566
17,Strawberry Jam,preserves,River Bend Nursery,11,2,2024-06-01,0.1,0.16102748722280769,0.8685844865994004,0.44405028697344473
17,Chutney,preserves,River Bend Nursery,2,1,2024-04-16,0.0,0.04037792204524681,0.833032041162845,0.3574395696922861
17,Yoghurt,dairy,Cotswold Fresh,6,1,2024-05-17,0.0,0.09434997630625688,0.41490812634795693,0.2225732363229369
18,Chutney,preserves,Wye Valley Growers,24,5,2025-05-27,0.4,0.33725213420280825,0.9377916157587051,0.577467926825167
18,Wholemeal Bread,bakery,Cotswold Fresh,11,1,2024-05-04,0.0,0.1611066230908365,0.9070601532134066,0.4594880351398646
18,Honey,preserves,Wye Valley Growers,13,4,2025-05-27,0.3,0.1871353076140876,0.7904983188346724,0.4284805121023215
18,Tomatoes,vegetables,River Bend Nursery,10,2,2024-12-16,0.1,0.14233178699301585,0.7513619192259248,0.3859438398861794
18,Broccoli,vegetables,Wye Valley Growers,9,2,2024-12-16,0.1,0.13231070475170134,0.6861463005665457,0.3538449430776391
19,Chutney,preserves,Green Valley Farm,16,2,2025-10-07,0.1,0.22933660107659268,0.978428572532481,0.5289733896589479
19,Strawberry Jam,preserves,Severn Side Produce,6,4,2025-10-07,0.3,0.09441199026517698,0.9086535367873143,0.42010860887403195
19,Honey,preserves,Avon Growers,12,2,2025-09-01,0.1,0.17445342388738522,0.7685218117004488,0.41208077901261064
19,Spinach,vegetables,Avon Growers,6,2,2025-09-01,0.1,0.08429713020070224,0.7505166464896051,0.35078493671626343
19,Wholemeal Bread,bakery,Avon Growers,7,2,2025-10-07,0.1,0.10682020697476544,0.6637956163253539,0.3296103707150008
2,Strawberry Jam,preserves,Mendip Hills Farm,26,6,2025-12-20,0.5,0.3628615198599384,0.8949916564043199,0.575713574477691
2,Honey,preserves,Mendip Hills Farm,20,5,2025-12-20,0.4,0.2866646127380977,0.9027424607334829,0.5330957519362518
2,Kale,vegetables,Mendip Hills Farm,11,3,2025-12-20,0.2,0.15754614144932116,0.7395672587243591,0.39035458835933634
2,Chutney,preserves,Mendip Hills Farm,5,2,2025-07-06,0.1,0.07811061878649095,0.7595484724789572,0.3506857602634775
2,Pears,fruits,Severn Side Produce,8,2,2025-08-02,0.1,0.09262443155972568,0.6873475785316988,0.33051369034851497
20,Kale,vegetables,River Bend Nursery,5,2,2025-10-28,0.1,0.09012924832770125,0.7619001415161518,0.35883760560308153
20,Tomatoes,vegetables,River Bend Nursery,6,2,2025-05-25,0.1,0.0861514680423293,0.7674897598408021,0.35868678476171845
20,Potatoes,vegetables,River Bend Nursery,4,2,2025-10-28,0.1,0.06345897430074404,0.5402219633823895,0.25416416993340224
20,Red Onions,vegetables,Severn Side Produce,4,1,2025-05-25,0.0,0.06222518776900977,0.3710030928723814,0.18573634981035841
20,Whole Milk,dairy,Severn Side Produce,3,1,2025-05-25,0.0,0.049442094072757514,0.316836570250348,0.15639988454379372
21,Yoghurt,dairy,Wye Valley Growers,8,3,2025-12-23,0.2,0.11928471856806996,0.9052556803386803,0.43367310327631414
21,Rhubarb,fruits,Green Valley Farm,11,2,2024-12-01,0.1,0.165240979006554,0.8336474307063708,0.43260355968648073
21,Red Onions,vegetables,Severn Side Produce,10,4,2025-12-23,0.3,0.14510435694412283,0.7586000482780535,0.39050263347769515
21,Apples,fruits,Wye Valley Growers,6,2,2024-11-10,0.1,0.0771089608682503,0.6712569729062747,0.3147681656834601
21,Sourdough Loaf,bakery,Green Valley Farm,6,2,2025-03-27,0.1,0.09372731536324395,0.5448957671732462,0.27419469608724484
22,Kale,vegetables,Severn Side Produce,26,6,2025-09-07,0.5,0.36395653788864407,0.8329660045792913,0.551560324564903
22,Tomatoes,vegetables,Severn Side Produce,19,3,2025-08-13,0.2,0.26484528361558196,0.7581138088894449,0.46215269372512713
22,Broccoli,vegetables,Severn Side Produce,9,2,2025-02-16,0.1,0.12904545343583426,0.7568406648397487,0.38016353799740005
22,Spinach,vegetables,Green Valley Farm,12,2,2025-09-07,0.1,0.18801389362392562,0.6368188099102288,0.3675358601384469
22,Leeks,vegetables,Severn Side Produce,6,2,2025-02-16,0.1,0.09986293304599154,0.6232646051881258,0.30922360190284526
23,Wholemeal Bread,bakery,Cotswold Fresh,25,4,2025-10-30,0.3,0.350945005760166,0.8845416261356198,0.5643836539103475
23,Sourdough Loaf,bakery,Green Valley Farm,15,4,2025-10-30,0.3,0.21556932909797777,0.8301550598714516,0.4614036214073673
23,Potatoes,vegetables,Mendip Hills Farm,7,2,2025-10-21,0.1,0.10400905741016371,0.6530526777599112,0.32362650555006267
23,Tomatoes,vegetables,Cotswold Fresh,3,1,2025-01-05,0.0,0.05134319649779773,0.6238246500420839,0.2803357779155122
23,Carrots,vegetables,Cotswold Fresh,5,1,2024-02-15,0.0,0.08159868033322171,0.30701838316654106,0.17176656146654945
24,Cheese,dairy,Severn Side Produce,23,6,2025-11-29,0.5,0.3242584987726652,0.8340911286942068,0.5281915507412819
24,Wholemeal Bread,bakery,Severn Side Produce,18,2,2025-05-14,0.1,0.2561038350677472,0.9062545750190285,0.5161641310482598
24,Yoghurt,dairy,Severn Side Produce,15,4,2025-03-22,0.3,0.21588756347179952,0.8991797152552932,0.48920442418519705
24,Chutney,preserves,Green Valley Farm,11,2,2025-11-29,0.1,0.1604325567003467,0.8151610948934975,0.42232397197760707
24,Whole Milk,dairy,Bristol Organics,6,3,2025-11-29,0.2,0.09227231568512292,0.800247777329048,0.37546250034269296
25,Cheese,dairy,Mendip Hills Farm,51,8,2025-05-19,0.7,0.6996578188848646,0.9747176848753896,0.8096817652810746
25,Yoghurt,dairy,Mendip Hills Farm,45,8,2025-05-19,0.7,0.6226554041179355,1.0,0.7735932424707613
25,Whole Milk,dairy,Green Valley Farm,37,7,2025-05-19,0.6,0.5140442751133025,0.9684854177379515,0.6958207321631621
25,Chutney,preserves,Mendip Hills Farm,8,2,2024-12-12,0.1,0.12018478117311067,0.7409799591987368,0.36850285238336117
25,Red Onions,vegetables,Mendip Hills Farm,5,2,2025-03-31,0.1,0.08481150590068237,0.7719090420398834,0.3596505203563628
26,Yoghurt,dairy,Mendip Hills Farm,26,6,2025-04-10,0.5,0.36544761994357655,0.9302514991872809,0.5913691716410583
26,Cheese,dairy,Mendip Hills Farm,15,4,2024-04-23,0.3,0.2150602800754502,0.970176680832765,0.5171068403783761
26,Whole Milk,dairy,Wye Valley Growers,19,4,2025-10-28,0.3,0.2686365336799518,0.8628936607775389,0.5063393845189866
26,Wholemeal Bread,bakery,Wye Valley Growers,7,2,2024-04-04,0.1,0.10742048416627908,0.7921359439939591,0.38130666809735114
26,Rhubarb,fruits,Mendip Hills Farm,9,3,2024-04-03,0.2,0.12955676967402233,0.6974089387272163,0.3566976372952999
27,Broccoli,vegetables,Green Valley Farm,10,2,2025-12-12,0.1,0.14169953498018661,0.66197278870934,0.34980883647184796
27,Yoghurt,dairy,River Bend Nursery,10,1,2025-12-11,0.0,0.1442611492716813,0.6413442345190183,0.3430943833706161
27,Cheese,dairy,Green Valley Farm,3,2,2025-12-11,0.1,0.05424981785258444,0.7353149860249676,0.3266758851215377
27,Plums,fruits,Green Valley Farm,1,1,2024-09-08,0.0,0.03269863108474899,0.6131056451609109,0.2648614367152138
27,Kale,vegetables,Wye Valley Growers,4,1,2024-06-23,0.0,0.07488144744625692,0.5297937207185264,0.2568463567551647
28,Honey,preserves,Cotswold Fresh,6,2,2025-09-05,0.1,0.08970688337836186,0.5947015640112777,0.2917047556315282
28,Strawberries,fruits,Cotswold Fresh,6,1,2025-08-22,0.0,0.0838660991930877,0.5550609391226834,0.272344035164926
28,Wholemeal Bread,bakery,Bristol Organics,6,1,2025-09-05,0.0,0.09532103427267445,0.5162400071487908,0.263688623423121
28,Strawberry Jam,preserves,Bristol Organics,4,1,2025-09-05,0.0,0.06890118755153013,0.5523121488563384,0.26226557207345347
28,Plums,fruits,Cotswold Fresh,1,1,2025-08-22,0.0,0.04986438978013543,0.41975403563195807,0.1978202481208645
29,Rhubarb,fruits,Mendip Hills Farm,12,1,2024-03-17,0.0,0.17451395817470294,0.7940075873132983,0.42231140983014115
29,Whole Milk,dairy,Wye Valley Growers,8,2,2025-08-28,0.1,0.11870905427801924,0.8359952547649737,0.4056235344728011
29,Blackberries,fruits,Wye Valley Growers,8,1,2024-07-22,0.0,0.11296411678278427,0.713850567474211,0.35331869705935504
29,Strawberry Jam,preserves,Wye Valley Growers,9,2,2025-08-28,0.1,0.13735575813984383,0.5623584061517501,0.30735681734460635
29,Strawberries,fruits,Wye Valley Growers,9,2,2025-08-28,0.1,0.12441107135463453,0.5656040845594149,0.3008882766365467
3,Red Onions,vegetables,Cotswold Fresh,30,5,2025-11-08,0.4,0.4192672276214649,0.8327255838654388,0.5846505701190545
3,Carrots,vegetables,Severn Side Produce,22,5,2025-05-13,0.4,0.30449654127244646,0.8362911195330707,0.5172143725766962
3,Leeks,vegetables,Green Valley Farm,20,3,2025-11-08,0.2,0.26760713573106243,0.7547785841564464,0.462475715101216
3,Potatoes,vegetables,Green Valley Farm,17,2,2024-12-11,0.1,0.24505805478474052,0.7815464160722343,0.45965339929973803
3,Whole Milk,dairy,Severn Side Produce,12,3,2025-05-13,0.2,0.18123465758357088,0.812349047272323,0.43368041345907177
30,Tomatoes,vegetables,Wye Valley Growers,18,3,2025-03-25,0.2,0.25685043048458517,0.8513800096320979,0.49466226214359027
30,Wholemeal Bread,bakery,Wye Valley Growers,15,3,2025-08-09,0.2,0.21408173826200366,0.8607389561790068,0.4727446254288049
30,Carrots,vegetables,Green Valley Farm,13,4,2025-07-01,0.3,0.18534286544541276,0.870276247290207,0.45931621818333046
30,Sourdough Loaf,bakery,Green Valley Farm,10,2,2025-01-22,0.1,0.150549371982077,0.8393510288118874,0.4260700347140012
30,Kale,vegetables,Green Valley Farm,13,3,2025-06-28,0.2,0.17703589023898733,0.7945941393740249,0.4240591898930024
31,Cheese,dairy,River Bend Nursery,21,5,2025-07-06,0.4,0.29730964231188967,0.9905979177543688,0.5746249524888813
31,Sourdough Loaf,bakery,Cotswold Fresh,9,1,2024-03-04,0.0,0.13279748585030995,0.8648732936750632,0.42562780898021124
31,Whole Milk,dairy,Green Valley Farm,10,2,2025-07-06,0.1,0.14328133154583553,0.7227974692715421,0.37508778663611814
31,Courgettes,vegetables,Cotswold Fresh,5,2,2025-05-26,0.1,0.028797263330264933,0.5914395346724415,0.25385417186713555
31,Broccoli,vegetables,Cotswold Fresh,6,1,2024-06-23,0.0,0.09654219341091555,0.274339177423923,0.16766098701611853
32,Whole Milk,dairy,Bristol Organics,17,1,2024-04-14,0.0,0.24243953201604798,0.9640502148704645,0.5310838051578146
32,Cheese,dairy,Cotswold Fresh,17,4,2024-12-24,0.3,0.24408959066041597,0.9409940889924842,0.5228513899932432
32,Yoghurt,dairy,Mendip Hills Farm,15,3,2025-10-11,0.2,0.21369339358211453,0.7136527975468204,0.41367715516799686
32,Leeks,vegetables,Cotswold Fresh,9,2,2025-02-20,0.1,0.14148813403091615,0.6944309926534641,0.3626652774799353
32,Red Onions,vegetables,Mendip Hills Farm,9,3,2025-10-11,0.2,0.12369201636175962,0.6746225108703905,0.344064214165212
33,Strawberry Jam,preserves,Green Valley Farm,12,5,2025-12-08,0.4,0.1753834631218494,0.9115547621660071,0.46985198273951245
33,Honey,preserves,Green Valley Farm,14,2,2024-10-07,0.1,0.20048696769939334,0.7838443351055598,0.43382991466185994
33,Wholemeal Bread,bakery,Green Valley Farm,7,2,2025-01-02,0.1,0.10748322778290408,0.7791392237314932,0.37614562616233976
33,Yoghurt,dairy,Bristol Organics,5,2,2025-12-08,0.1,0.07958094161404965,0.7698287665290141,0.35568007158003545
33,Carrots,vegetables,Green Valley Farm,7,2,2025-01-18,0.1,0.10353874014813644,0.6847263645230104,0.33601378989808606
34,Cheese,dairy,Cotswold Fresh,27,6,2025-12-30,0.5,0.3779646990728025,0.9980219350663664,0.6259875934702281
34,Chutney,preserves,Mendip Hills Farm,19,4,2024-12-14,0.3,0.2693811665963556,0.9585628246029414,0.54505382979899
34,Strawberry Jam,preserves,Cotswold Fresh,21,5,2025-12-30,0.4,0.29886358916255945,0.9060225168846424,0.5417271602513927
34,Whole Milk,dairy,Cotswold Fresh,11,4,2025-12-30,0.3,0.16202829683014383,0.9317608688413761,0.46992132563463673
34,Yoghurt,dairy,Cotswold Fresh,11,5,2024-08-06,0.4,0.1609637409794414,0.8536553509542767,0.43804038496937553
35,Honey,preserves,Bristol Organics,18,4,2025-12-15,0.3,0.25328314129124224,0.8401873130954648,0.4880448100129313
35,Yoghurt,dairy,Bristol Organics,8,2,2025-12-15,0.1,0.12058492266590332,0.9695013982227216,0.46015151288863065
35,Wholemeal Bread,bakery,River Bend Nursery,9,3,2025-08-22,0.2,0.13506647888813367,0.9228438842415977,0.4501774410295193
35,Chutney,preserves,Severn Side Produce,8,4,2025-02-23,0.3,0.12198781052498256,0.8601106982855796,0.4172369656292214
35,Broccoli,vegetables,Severn Side Produce,8,3,2025-12-15,0.2,0.11422450168618654,0.7845793409611933,0.3823664373961893
36,Whole Milk,dairy,Wye Valley Growers,42,6,2025-08-13,0.5,0.5804645444413024,0.9753490772479916,0.738418357563978
36,Yoghurt,dairy,Avon Growers,34,7,2025-09-15,0.6,0.4712500036029632,0.9868314811901722,0.6774825946378469
36,Cheese,dairy,Green Valley Farm,18,5,2025-09-15,0.4,0.2575221383174881,0.9215363277048769,0.5231278140724437
36,Wholemeal Bread,bakery,Green Valley Farm,12,2,2025-09-15,0.1,0.17552714727380447,0.8516635963766801,0.44598172691495475
36,Spinach,vegetables,Wye Valley Growers,5,2,2025-05-19,0.1,0.076535767022433,0.7142905092790506,0.3316376639250801
37,Rhubarb,fruits,Cotswold Fresh,27,5,2025-03-24,0.4,0.3764280792272736,0.8519739246955395,0.56664641741458
37,Blackberries,fruits,Green Valley Farm,14,2,2025-09-02,0.1,0.17454947412698235,0.89281479829732,0.4618556037951174
37,Red Onions,vegetables,Wye Valley Growers,12,2,2025-12-03,0.1,0.18062753656414357,0.8237233518537901,0.43786586268000216
37,Strawberries,fruits,Green Valley Farm,9,2,2025-08-10,0.1,0.13686715879809636,0.8054424322405276,0.40429726817506884
37,Gooseberries,fruits,Green Valley Farm,9,2,2025-08-10,0.1,0.12544034976492854,0.7494837364922544,0.37505770445585895
38,Whole Milk,dairy,Avon Growers,36,8,2025-12-28,0.7,0.49821912663320356,0.9921909170189879,0.6958078427875174
38,Yoghurt,dairy,River Bend Nursery,22,5,2025-12-28,0.4,0.3111142585098207,0.9766337822283068,0.5773220679972151
38,Strawberry Jam,preserves,Severn Side Produce,26,4,2025-11-08,0.3,0.3640870901610394,0.8891575669107361,0.5741152808609181
38,Wholemeal Bread,bakery,Wye Valley Growers,18,4,2025-07-14,0.3,0.25566390018713386,0.9304959640853876,0.5255967257464353
38,Honey,preserves,Wye Valley Growers,12,4,2025-01-17,0.3,0.17415794109005162,0.782853598305688,0.4176362039763062
39,Strawberry Jam,preserves,Avon Growers,15,2,2025-05-01,0.1,0.21882703711539753,0.792690627579657,0.4483724733011013
39,Yoghurt,dairy,Severn Side Produce,9,2,2025-09-21,0.1,0.13394404824126677,0.8706675880195676,0.4286334641525871
39,Honey,preserves,River Bend Nursery,12,2,2025-05-01,0.1,0.17131821879842485,0.7417189054334767,0.3994784934524456
39,Sourdough Loaf,bakery,Cotswold Fresh,8,2,2024-05-07,0.1,0.11994732206156787,0.8177786936002404,0.3990798706770369
39,Chutney,preserves,River Bend Nursery,6,1,2024-10-22,0.0,0.09481565339979794,0.8154844157109706,0.38308315832426704
4,Honey,preserves,Green Valley Farm,16,4,2024-11-29,0.3,0.22825154236408707,0.9631749994075849,0.5222209251814862
4,Broccoli,vegetables,Green Valley Farm,22,4,2025-05-09,0.3,0.3039684351891431,0.8440842107573638,0.5200147454164314
4,Chutney,preserves,Severn Side Produce,20,5,2025-12-13,0.4,0.28378704072747807,0.8380381109181951,0.5054874688037649
4,Whole Milk,dairy,Bristol Organics,11,2,2025-08-23,0.1,0.15650327927321883,0.8133469409302733,0.4192407439360406
4,Spinach,vegetables,Green Valley Farm,8,3,2025-08-23,0.2,0.13191484952058966,0.8238447788961522,0.4086868212708147
40,Rhubarb,fruits,Cotswold Fresh,30,3,2025-04-08,0.2,0.42121441654402547,0.8529640126075235,0.5939142549694247
40,Strawberries,fruits,Green Valley Farm,16,3,2025-07-19,0.2,0.21109204092245337,0.8558587460272759,0.4689987229643824
40,Strawberry Jam,preserves,Severn Side Produce,9,2,2025-03-18,0.1,0.13456565352941208,0.7850094307567821,0.3947431644203601
40,Raspberries,fruits,Wye Valley Growers,7,2,2024-12-29,0.1,0.07753818882909279,0.8355975456348816,0.38076193155140836
40,Spinach,vegetables,Bristol Organics,6,2,2025-01-16,0.1,0.08750349832258626,0.8081027317190196,0.3757431916811596
41,Wholemeal Bread,bakery,Severn Side Produce,11,3,2025-02-26,0.2,0.16161423876192324,0.9641905742334022,0.48264477295051483
41,Carrots,vegetables,Severn Side Produce,14,4,2025-09-18,0.3,0.2012983782432514,0.8487411088616732,0.4602754704906201
41,Red Onions,vegetables,Cotswold Fresh,15,4,2025-12-30,0.3,0.2181250315700251,0.7576919836944503,0.4339518124197952
41,Rhubarb,fruits,River Bend Nursery,9,3,2025-06-27,0.2,0.12759668662599025,0.8570305786035326,0.4193702434170072
41,Kale,vegetables,River Bend Nursery,10,3,2025-12-27,0.2,0.14265852615770855,0.8002725151843928,0.4057041217683823
42,Blackberries,fruits,Severn Side Produce,16,4,2025-07-19,0.3,0.24331082363398487,0.8950918772324977,0.50402324507339
42,Raspberries,fruits,Severn Side Produce,14,3,2025-07-19,0.2,0.1612171371686431,0.8247757422239184,0.4266405791907532
42,Strawberries,fruits,Green Valley Farm,6,2,2025-08-24,0.1,0.0900174125116122,0.8735374437899973,0.40342542502296624
42,Apples,fruits,River Bend Nursery,7,2,2024-12-01,0.1,0.09989298194006403,0.8201682601164094,0.3880030932106022
42,Plums,fruits,Green Valley Farm,8,2,2025-08-24,0.1,0.09620388405014281,0.7475933577351475,0.35675967352414467
43,Whole Milk,dairy,Mendip Hills Farm,34,6,2025-09-19,0.5,0.47009554279497884,0.985893166893867,0.6764145924345341
43,Yoghurt,dairy,Avon Growers,18,5,2025-06-03,0.4,0.2580927252505217,0.8744963221216384,0.5046541639989683
43,Wholemeal Bread,bakery,Mendip Hills Farm,18,4,2025-08-01,0.3,0.2558792692657986,0.8722052087554835,0.5024096450616726
43,Sourdough Loaf,bakery,Green Valley Farm,16,3,2025-01-04,0.2,0.23037630251099003,0.9036349517282716,0.49967976219790267
43,Carrots,vegetables,Mendip Hills Farm,13,2,2025-08-01,0.1,0.19197182786886358,0.7631848188248794,0.42045702425126996
44,Sourdough Loaf,bakery,Green Valley Farm,37,6,2025-03-07,0.5,0.5108204559371771,0.9580550119117345,0.689714278327
44,Potatoes,vegetables,Green Valley Farm,5,2,2025-04-10,0.1,0.08260798907571588,0.7664480681971283,0.35614402072428086
44,Kale,vegetables,Cotswold Fresh,4,1,2024-08-13,0.0,0.07110959971815742,0.7135296188843481,0.32807760738463365
44,Wholemeal Bread,bakery,Severn Side Produce,7,1,2025-04-24,0.0,0.10853168422749404,0.5728245214689892,0.2942488191240921
44,Chutney,preserves,Avon Growers,3,1,2024-09-25,0.0,0.05428584452175985,0.5231988997174709,0.2418510666000443
45,Wholemeal Bread,bakery,Green Valley Farm,32,6,2025-07-12,0.5,0.446392018382488,0.99347176377735,0.6652239165404328
45,Chutney,preserves,River Bend Nursery,20,5,2025-07-12,0.4,0.28326346034904515,0.9335362756984803,0.5433725864888193
45,Strawberry Jam,preserves,Green Valley Farm,15,7,2025-12-28,0.6,0.2116332508598118,0.8817657752547088,0.4796862606177706
45,Honey,preserves,Wye Valley Growers,18,4,2025-12-28,0.3,0.25959458676238967,0.7422120095145703,0.45264155586326194
45,Sourdough Loaf,bakery,Avon Growers,7,2,2024-08-12,0.1,0.1079369179055803,0.7515927440575123,0.3653992483663531
46,Cheese,dairy,Bristol Organics,17,5,2024-11-29,0.4,0.24179230761137055,0.8641874535735821,0.4907503659962552
46,Yoghurt,dairy,Green Valley Farm,18,3,2025-03-13,0.2,0.2574398546337478,0.7885414310270321,0.46988048519106157
46,Honey,preserves,Bristol Organics,11,3,2025-05-24,0.2,0.16318589599258412,0.8715878614624085,0.4465466821805139
46,Red Onions,vegetables,Bristol Organics,11,3,2025-07-10,0.2,0.16461356430111507,0.8001142275545367,0.4188138296024837
46,Kale,vegetables,River Bend Nursery,8,2,2025-05-24,0.1,0.11808060569200425,0.7922414741942571,0.3877449530929054
47,Whole Milk,dairy,Wye Valley Growers,11,3,2025-04-04,0.2,0.1620119434696284,0.9410437010203726,0.4736246464899261
47,Yoghurt,dairy,Mendip Hills Farm,18,4,2025-12-15,0.3,0.25561047894562705,0.784918646828175,0.46733374609864625
47,Wholemeal Bread,bakery,Bristol Organics,11,3,2025-07-09,0.2,0.1613232346183332,0.8777892166202442,0.4479096274190976
47,Cheese,dairy,Wye Valley Growers,10,3,2025-07-09,0.2,0.1475400098422187,0.8912833344731188,0.44503733969457876
47,Potatoes,vegetables,Wye Valley Growers,10,3,2025-06-09,0.2,0.1420737648146775,0.7218666874336128,0.37399093386225163
48,Yoghurt,dairy,Bristol Organics,17,5,2025-09-16,0.4,0.24322908748452796,0.9661933470274737,0.5324147913017063
48,Spinach,vegetables,Bristol Organics,19,5,2025-09-16,0.4,0.2620699149045876,0.7753602474244556,0.4673860479125348
48,Broccoli,vegetables,River Bend Nursery,17,4,2025-06-10,0.3,0.2492951857523917,0.7941538989439113,0.4672386710289995
48,Whole Milk,dairy,Severn Side Produce,8,3,2024-11-15,0.2,0.12055276924048168,0.8635503496729051,0.4177518014134511
48,Tomatoes,vegetables,Green Valley Farm,6,2,2025-07-31,0.1,0.0991019581137756,0.7160647400382758,0.3458870708835757
49,Wholemeal Bread,bakery,Mendip Hills Farm,29,7,2025-11-20,0.6,0.40287117819401014,0.9660889592823185,0.6281582906293335
49,Strawberries,fruits,Mendip Hills Farm,20,3,2025-07-30,0.2,0.2662393164556523,0.7444708345856331,0.4575319237076446
49,Whole Milk,dairy,River Bend Nursery,11,2,2024-06-13,0.1,0.1621324735766372,0.8817878419336019,0.4499946209194231
49,Sourdough Loaf,bakery,Green Valley Farm,5,2,2025-11-20,0.1,0.08196146079745033,0.818487663036115,0.3765719416929162
49,Apples,fruits,Severn Side Produce,14,3,2025-11-20,0.2,0.2125511925387021,0.5768089468966432,0.35825429428187855
5,Chutney,preserves,Wye Valley Growers,18,5,2025-04-25,0.4,0.25693923654241335,0.9767348738853131,0.5448574914795733
5,Honey,preserves,Wye Valley Growers,21,4,2025-11-11,0.3,0.29631877693002906,0.9060762261660237,0.540221756624427
5,Carrots,vegetables,Green Valley Farm,18,3,2025-11-06,0.2,0.24922527932523816,0.8070892476896506,0.4723708666710032
5,Leeks,vegetables,Wye Valley Growers,14,3,2025-11-06,0.2,0.19456690980304528,0.8611195701723543,0.46118797395076894
5,Potatoes,vegetables,Cotswold Fresh,17,4,2025-12-12,0.3,0.24983415521313077,0.6830125894036048,0.42310552888932035
50,Yoghurt,dairy,Cotswold Fresh,33,6,2025-10-31,0.5,0.45771296630469005,0.9555315621502536,0.6568404046429155
50,Whole Milk,dairy,Cotswold Fresh,15,4,2025-10-09,0.3,0.21668633203815557,0.8836812430801659,0.4834842964549597
50,Strawberry Jam,preserves,Cotswold Fresh,9,3,2025-10-31,0.2,0.1350649663477458,0.8814863134091798,0.43363350517231947
50,Cheese,dairy,Severn Side Produce,7,3,2025-10-09,0.2,0.10766882957856953,0.7551170698939395,0.3666481257047175
50,Blackberries,fruits,Avon Growers,2,1,2024-08-31,0.0,0.037568359674100056,0.39156928546486225,0.17916872999040492
51,Tomatoes,vegetables,Bristol Organics,12,3,2025-12-03,0.2,0.16878793426736416,0.7279244930313549,0.39244255777296044
51,Whole Milk,dairy,Bristol Organics,7,2,2025-12-03,0.1,0.10639744774789127,0.777123581184869,0.3746879011226824
51,Red Onions,vegetables,Mendip Hills Farm,7,1,2024-01-08,0.0,0.10185341573458351,0.7547121000158143,0.36299688944707587
51,Strawberries,fruits,River Bend Nursery,10,1,2024-07-17,0.0,0.12143082842867085,0.7021167641114326,0.35370520270177563
51,Potatoes,vegetables,Bristol Organics,7,2,2025-03-23,0.1,0.10381794042296179,0.7253826711626558,0.3524438327188394
52,Honey,preserves,Green Valley Farm,24,4,2025-03-05,0.3,0.34131161998545745,0.9305510100593921,0.5770073760150314
52,Chutney,preserves,Mendip Hills Farm,14,3,2025-10-15,0.2,0.20070926477754988,0.9497804163009312,0.5003377253869025
52,Red Onions,vegetables,Mendip Hills Farm,6,2,2024-07-11,0.1,0.093370846855981,0.8336232452754393,0.38947180622376437
52,Rhubarb,fruits,Green Valley Farm,8,2,2025-03-05,0.1,0.11534243335879713,0.7628457156041023,0.37434374625691924
52,Strawberries,fruits,Mendip Hills Farm,4,1,2024-07-11,0.0,0.06699425760937282,0.6049184971793294,0.2821639534373555
53,Cheese,dairy,River Bend Nursery,50,8,2025-08-15,0.7,0.689501136922116,0.9966910224669945,0.8123770911400674
53,Whole Milk,dairy,Bristol Organics,30,5,2025-09-27,0.4,0.4194955217283688,0.8821932003143056,0.6045745931627435
53,Yoghurt,dairy,River Bend Nursery,15,4,2025-05-11,0.3,0.2141458877557125,0.880904797027573,0.4808494514644567
53,Honey,preserves,Cotswold Fresh,6,3,2025-01-08,0.2,0.0929790001789204,0.8116936517017814,0.3804648607880648
53,Sourdough Loaf,bakery,Wye Valley Growers,9,2,2025-08-15,0.1,0.1318699589330787,0.5939026691366138,0.3166830430144928
54,Chutney,preserves,Bristol Organics,13,5,2025-05-20,0.4,0.18880194795010477,0.9314757319570072,0.48587146155286576
54,Honey,preserves,Bristol Organics,14,6,2025-07-24,0.5,0.2014383595849824,0.8688316612952404,0.4683956802690856
54,Strawberry Jam,preserves,Green Valley Farm,13,3,2025-07-24,0.2,0.1885650466363344,0.8119760997242408,0.437929467871497
54,Wholemeal Bread,bakery,Bristol Organics,6,1,2024-01-18,0.0,0.09410015246780337,0.6146865675383418,0.3023347184960188
54,Sourdough Loaf,bakery,Green Valley Farm,4,1,2025-04-19,0.0,0.06658466562616443,0.3068422851939899,0.16268771345329464
55,Leeks,vegetables,Bristol Organics,13,3,2025-09-02,0.2,0.19305200091893518,0.7976920705455572,0.434908028769584
55,Yoghurt,dairy,Bristol Organics,8,3,2025-10-24,0.2,0.12312643910334208,0.8314932412200783,0.4064731599500366
55,Cheese,dairy,Mendip Hills Farm,9,2,2025-06-04,0.1,0.13647803748971563,0.763531651509454,0.38729948309761103
55,Potatoes,vegetables,Bristol Organics,7,4,2025-09-02,0.3,0.1094805145720688,0.7239094209224823,0.3552520771122342
55,Courgettes,vegetables,Mendip Hills Farm,4,2,2025-06-04,0.1,0.03429688556978335,0.6560687529141008,0.2830056325075104
56,Potatoes,vegetables,Mendip Hills Farm,20,5,2025-10-03,0.4,0.27694402778439425,0.7790212864106643,0.47777493123490233
56,Kale,vegetables,Mendip Hills Farm,11,4,2024-10-23,0.3,0.17704104466708778,0.8390617286054276,0.44184931824242374
56,Leeks,vegetables,Mendip Hills Farm,19,4,2025-10-03,0.3,0.26864377188250577,0.6866149405972665,0.43583223936841003
56,Spinach,vegetables,Mendip Hills Farm,12,2,2024-09-03,0.1,0.16752048411442322,0.7085026203069005,0.3839133385914141
56,Butternut Squash,vegetables,Mendip Hills Farm,9,2,2024-10-23,0.1,0.12149823457579642,0.7226598751825984,0.36196289081851724
57,Whole Milk,dairy,Green Valley Farm,37,7,2025-11-02,0.6,0.5155838745804544,0.9653180021368505,0.6954775256030128
57,Cheese,dairy,River Bend Nursery,32,7,2025-10-19,0.6,0.44624460890103923,0.9576237089754872,0.6507962489308184
57,Yoghurt,dairy,River Bend Nursery,18,5,2025-10-19,0.4,0.25366731061474945,0.8515754854278617,0.4928305805399944
57,Rhubarb,fruits,Severn Side Produce,12,3,2025-05-15,0.2,0.1816830603464823,0.6543344783821969,0.3707436275607682
57,Raspberries,fruits,Bristol Organics,9,2,2024-08-27,0.1,0.11608916347882653,0.6315490497332837,0.3222731179806094
58,Apples,fruits,Bristol Organics,18,3,2025-08-15,0.2,0.27035675931865055,0.7796899746919529,0.4740900454679715
58,Rhubarb,fruits,Severn Side Produce,15,3,2025-06-28,0.2,0.21067334809008423,0.7944108424780185,0.444168345845258
58,Whole Milk,dairy,Bristol Organics,10,2,2025-05-04,0.1,0.14462343325856683,0.8249568760925967,0.4167568103921788
58,Strawberries,fruits,Green Valley Farm,14,1,2024-06-24,0.0,0.22362836463366087,0.6113122164155639,0.3787019053464221
58,Gooseberries,fruits,Cotswold Fresh,16,2,2025-08-15,0.1,0.15427689284290816,0.5148969636363341,0.2985249211602785
59,Carrots,vegetables,Green Valley Farm,20,4,2025-11-17,0.3,0.28348308058727095,0.835256621985376,0.504192497146513
59,Red Onions,vegetables,Cotswold Fresh,11,3,2025-11-20,0.2,0.1605838236953361,0.771470521443659,0.40493850279466526
59,Whole Milk,dairy,Cotswold Fresh,9,3,2025-12-25,0.2,0.1326014708611482,0.7825581625865962,0.3925841475513274
59,Sourdough Loaf,bakery,Bristol Organics,9,2,2024-03-13,0.1,0.13299945700462085,0.7710994364559258,0.3882394487851429
59,Cheese,dairy,Mendip Hills Farm,9,2,2025-11-06,0.1,0.13532144515993738,0.6814284444677917,0.3537642448830791
6,Apples,fruits,Avon Growers,12,2,2024-12-21,0.1,0.1311508040626696,0.7805966700373977,0.3909291504525609
6,Tomatoes,vegetables,Avon Growers,8,1,2024-12-21,0.0,0.11767364436322908,0.7930928007619856,0.3878413069227317
6,Strawberry Jam,preserves,River Bend Nursery,4,1,2024-04-03,0.0,0.07076613434552274,0.8065040083254087,0.36506128393747717
6,Whole Milk,dairy,Avon Growers,6,1,2024-12-21,0.0,0.09546878403291859,0.7114828515523812,0.3418744110407036
6,Strawberries,fruits,Green Valley Farm,4,1,2024-06-09,0.0,0.08402957308954843,0.6780948793486546,0.3216556955931909
60,Potatoes,vegetables,Cotswold Fresh,22,4,2025-07-20,0.3,0.31429332212813904,0.8462450322318538,0.527074006169625
60,Broccoli,vegetables,Cotswold Fresh,15,4,2025-07-20,0.3,0.2163302495499189,0.9352041668548334,0.5038798164718847
60,Kale,vegetables,Mendip Hills Farm,13,4,2025-03-06,0.3,0.1613137070325751,0.7077175765110699,0.37987525482397305
60,Leeks,vegetables,Mendip Hills Farm,18,3,2025-12-28,0.2,0.25943530949694005,0.5508268538635042,0.37599192724356567
60,Honey,preserves,Avon Growers,5,2,2025-03-06,0.1,0.07829788687531967,0.8213969857499556,0.3755375264251741
61,Wholemeal Bread,bakery,Bristol Organics,40,11,2025-11-26,1.0,0.5542314552713278,0.990162119795845,0.7286037210811347
61,Sourdough Loaf,bakery,Bristol Organics,32,7,2025-11-26,0.6,0.4452181592828178,0.9624384825609993,0.6521062885940905
61,Rhubarb,fruits,Bristol Organics,12,2,2025-03-09,0.1,0.17323219315218435,0.7633789147514723,0.4092908817918996
61,Red Onions,vegetables,Mendip Hills Farm,8,2,2024-12-15,0.1,0.1168811512285816,0.7196200224685669,0.35797669972457574
61,Potatoes,vegetables,Bristol Organics,14,3,2025-11-26,0.2,0.19693305651243154,0.4791596318331646,0.3098236866407248
62,Wholemeal Bread,bakery,Green Valley Farm,17,3,2025-09-16,0.2,0.24171956635251973,0.8944612013189581,0.5028162203390951
62,Yoghurt,dairy,Avon Growers,16,4,2025-09-16,0.3,0.22798746414739135,0.8826730313389043,0.48986169102399657
62,Red Onions,vegetables,Cotswold Fresh,11,2,2024-07-01,0.1,0.15650468055902464,0.8419059591641689,0.43066519200108233
62,Whole Milk,dairy,Cotswold Fresh,7,2,2024-07-01,0.1,0.1097037509166352,0.8809183439885081,0.4181895881453844
62,Cheese,dairy,Wye Valley Growers,4,2,2024-03-22,0.1,0.06627511758672631,0.7439662589471979,0.33735157413091493
63,Cheese,dairy,Severn Side Produce,34,8,2025-11-24,0.7,0.47293421271177266,0.8834888981319444,0.6371560868798414
63,Whole Milk,dairy,River Bend Nursery,16,4,2025-06-11,0.3,0.23148944917344688,0.9412099712994629,0.5153776580238534
63,Wholemeal Bread,bakery,River Bend Nursery,19,4,2025-07-28,0.3,0.26922340200513856,0.8375767842881545,0.49656475491834495
63,Sourdough Loaf,bakery,Severn Side Produce,16,5,2025-11-24,0.4,0.2279293965605871,0.8912196832297716,0.49324551122826094
63,Tomatoes,vegetables,Green Valley Farm,8,2,2025-02-06,0.1,0.11829782822966547,0.7205867532429273,0.3592133982349702
64,Strawberry Jam,preserves,Severn Side Produce,12,3,2025-12-02,0.2,0.17821005096179543,0.8591279345310007,0.45057720438947757
64,Honey,preserves,Severn Side Produce,13,3,2025-10-16,0.2,0.18843863697364588,0.8202542634493184,0.4411648875639149
64,Yoghurt,dairy,Mendip Hills Farm,8,2,2025-12-02,0.1,0.11993836671610739,0.6547000211785435,0.33384302850108183
64,Sourdough Loaf,bakery,Mendip Hills Farm,2,2,2025-10-16,0.1,0.0410144370395425,0.714782140640047,0.3105215184797443
64,Rhubarb,fruits,River Bend Nursery,4,1,2025-03-24,0.0,0.07518154899961556,0.5865471059316935,0.27972777177244673
65,Whole Milk,dairy,Mendip Hills Farm,14,4,2025-12-09,0.3,0.19960082041446764,0.9074092519527516,0.4827241930297812
65,Chutney,preserves,Mendip Hills Farm,19,3,2025-03-20,0.2,0.26903388636006226,0.7820204204870226,0.4742285000108464
65,Sourdough Loaf,bakery,Mendip Hills Farm,11,2,2024-08-18,0.1,0.16193601147495712,0.8853297590740249,0.4512935105145843
65,Wholemeal Bread,bakery,Mendip Hills Farm,11,2,2025-03-20,0.1,0.16147462690489728,0.7538720679628227,0.39843360332806743
65,Cheese,dairy,Mendip Hills Farm,6,1,2024-02-02,0.0,0.0937979575010927,0.7224766567403768,0.3452694371968063
66,Carrots,vegetables,Wye Valley Growers,18,4,2025-10-01,0.3,0.2517005316181941,0.8386350170483736,0.48647432579026595
66,Tomatoes,vegetables,River Bend Nursery,15,3,2025-12-31,0.2,0.21818223341573617,0.8229130296561817,0.4600745519119144
66,Broccoli,vegetables,Wye Valley Growers,13,2,2025-12-31,0.1,0.18848257186279996,0.528585485322053,0.3245237372465012
66,Rhubarb,fruits,Severn Side Produce,9,2,2025-04-26,0.1,0.12724752014929439,0.594047174486071,0.3139673818840051
66,Red Onions,vegetables,Severn Side Produce,7,3,2025-12-31,0.2,0.10996911077759051,0.6115822740252576,0.3106143760766573
67,Broccoli,vegetables,River Bend Nursery,22,5,2025-11-03,0.4,0.3044666506985335,0.8913393885867851,0.5392157458538341
67,Whole Milk,dairy,Cotswold Fresh,11,2,2025-04-05,0.1,0.15993325730551092,0.9252719609529365,0.4660687387644812
67,Red Onions,vegetables,Avon Growers,14,2,2025-09-30,0.1,0.19990430271139797,0.8118344147900367,0.4446763475428535
67,Leeks,vegetables,River Bend Nursery,7,2,2025-02-19,0.1,0.11051002750753995,0.7685050966896543,0.37370805518038575
67,Cheese,dairy,Cotswold Fresh,4,1,2024-04-16,0.0,0.06872726891828497,0.7319527203139533,0.3340174494765523
68,Kale,vegetables,Green Valley Farm,23,5,2025-12-25,0.4,0.3255710729448058,0.8182424592523906,0.5226396274678398
68,Leeks,vegetables,Cotswold Fresh,9,2,2025-12-01,0.1,0.14589597638948026,0.7456726423913566,0.3858066427902308
68,Raspberries,fruits,Green Valley Farm,8,3,2024-08-02,0.2,0.12623536878676506,0.718809596998877,0.36326506007160986
68,Carrots,vegetables,Bristol Organics,3,2,2025-08-13,0.1,0.05188358040115841,0.7338673846378625,0.32467710209584005
68,Gooseberries,fruits,Bristol Organics,8,2,2025-08-13,0.1,0.0909397856468533,0.5974174007461076,0.293530831686555
69,Sourdough Loaf,bakery,Avon Growers,15,5,2025-10-25,0.4,0.21628606862463284,0.81654663289776,0.4563902943338837
69,Carrots,vegetables,Severn Side Produce,15,3,2025-06-02,0.2,0.2195364423534637,0.7988235143003856,0.4512512711322325
69,Strawberry Jam,preserves,Mendip Hills Farm,5,2,2024-03-21,0.1,0.08210343760918862,0.8374584034187428,0.3842454239330103
69,Chutney,preserves,Avon Growers,12,2,2025-10-25,0.1,0.17386086745654733,0.6381574080207216,0.35957948368221704
69,Red Onions,vegetables,Mendip Hills Farm,9,3,2025-06-18,0.2,0.12948559832120102,0.7037047693866031,0.3591732667473619
7,Strawberry Jam,preserves,Green Valley Farm,16,3,2024-10-21,0.2,0.22806816496708746,0.8776327695100645,0.4878940067842783
7,Honey,preserves,Green Valley Farm,12,3,2025-10-18,0.2,0.17543468438380197,0.8181048076614711,0.43250273369486963
7,Chutney,preserves,Green Valley Farm,11,2,2025-05-11,0.1,0.16145791809207286,0.6933585417589545,0.37421816755882553
7,Broccoli,vegetables,Severn Side Produce,3,1,2024-03-10,0.0,0.050742176047356966,0.41831604658564714,0.19777172426267306
7,Red Onions,vegetables,Green Valley Farm,1,1,2024-10-21,0.0,0.02587222439075658,0.43970743317881217,0.19140630790597885
70,Chutney,preserves,Wye Valley Growers,22,4,2025-10-01,0.3,0.31156806752685157,0.9500008421449943,0.5669411773741087
70,Carrots,vegetables,Wye Valley Growers,10,2,2025-12-01,0.1,0.1465167069626446,0.7318945441770349,0.38066784184840075
70,Spinach,vegetables,Bristol Organics,9,2,2025-09-09,0.1,0.13082616638040992,0.7552931124533147,0.3806129448095718
70,Honey,preserves,Wye Valley Growers,6,2,2024-06-20,0.1,0.09013245486125222,0.8086146242474813,0.3775253226157439
70,Tomatoes,vegetables,Bristol Organics,5,2,2025-09-09,0.1,0.07822547196548266,0.7479407709431634,0.3461115915565549
71,Yoghurt,dairy,Bristol Organics,57,8,2025-12-02,0.7,0.7837784805553595,0.9925880026853469,0.8673022894073544
71,Cheese,dairy,Green Valley Farm,31,6,2025-12-02,0.5,0.432380765999261,0.9997558197352705,0.6593307874936648
71,Whole Milk,dairy,Bristol Organics,31,6,2025-12-02,0.5,0.4307826680898515,0.8662332621814105,0.6049629057264752
71,Sourdough Loaf,bakery,River Bend Nursery,7,2,2024-07-03,0.1,0.10506754406696793,0.8043706444863367,0.38478878423471546
71,Rhubarb,fruits,Avon Growers,2,1,2024-04-10,0.0,0.03696145373078213,0.49481900087097264,0.22010447258685836
72,Honey,preserves,Severn Side Produce,30,4,2025-04-19,0.3,0.41687723034432916,0.9411774135412561,0.6265973036230998
72,Chutney,preserves,Cotswold Fresh,28,5,2025-06-25,0.4,0.391888908508459,0.9560851832153568,0.6175674183912181
72,Strawberry Jam,preserves,Cotswold Fresh,18,3,2025-06-25,0.2,0.25632388180320453,0.8564947978228227,0.49639224821105177
72,Yoghurt,dairy,Cotswold Fresh,8,2,2025-06-25,0.1,0.12015707176756187,0.5459791581711113,0.29048590632898164
72,Wholemeal Bread,bakery,Cotswold Fresh,4,1,2025-04-19,0.0,0.06703585669396685,0.570151982471427,0.2682823070049509
73,Whole Milk,dairy,Green Valley Farm,12,5,2025-09-19,0.4,0.17451829066571511,0.8972682860987211,0.46361828883891754
73,Sourdough Loaf,bakery,Avon Growers,11,3,2025-09-19,0.2,0.1615951864923755,0.8448336382401084,0.4348905671914687
73,Cheese,dairy,Wye Valley Growers,9,2,2025-07-31,0.1,0.13450311398621667,0.705951282528024,0.3630823814029396
73,Yoghurt,dairy,Avon Growers,10,2,2025-09-19,0.1,0.1485595451246109,0.601083261358573,0.3295690316181958
73,Red Onions,vegetables,River Bend Nursery,2,1,2024-11-07,0.0,0.04210977827408535,0.5461388061375726,0.24372138941948027
74,Sourdough Loaf,bakery,River Bend Nursery,15,3,2024-09-28,0.2,0.2169550640936755,0.9128227868313814,0.4953021531887579
74,Cheese,dairy,Green Valley Farm,14,3,2025-10-19,0.2,0.20339384262788804,0.835656411534403,0.456298870190494
74,Strawberries,fruits,River Bend Nursery,6,2,2025-05-31,0.1,0.07140576147979429,0.7507595233143939,0.3431472662136341
74,Blackberries,fruits,River Bend Nursery,6,2,2024-09-28,0.1,0.102097448455816,0.6158770897365076,0.30760930496809263
74,Kale,vegetables,Green Valley Farm,5,1,2024-01-02,0.0,0.08706304803691033,0.6372058279217037,0.30712015999082765
75,Honey,preserves,Cotswold Fresh,33,7,2025-11-09,0.6,0.4581832357393821,0.8847889952414204,0.6288255395401974
75,Chutney,preserves,Cotswold Fresh,33,8,2025-11-09,0.7,0.45887768233660525,0.8492914480703186,0.6150431886300907
75,Strawberry Jam,preserves,Cotswold Fresh,19,5,2025-10-22,0.4,0.2706665283839614,0.9273928811278326,0.5333570694815098
75,Whole Milk,dairy,River Bend Nursery,15,3,2025-11-09,0.2,0.2143494537930705,0.9131606851209012,0.4938739463242028
75,Red Onions,vegetables,Avon Growers,10,2,2025-07-09,0.1,0.14684293380788246,0.6833937840009453,0.3614632738851076
76,Sourdough Loaf,bakery,Mendip Hills Farm,13,3,2025-11-22,0.2,0.19212410785830564,0.7954218747019326,0.4334432145957564
76,Wholemeal Bread,bakery,Mendip Hills Farm,8,2,2025-07-03,0.1,0.12055420079259109,0.8638802186925842,0.41788460795258836
76,Strawberry Jam,preserves,Mendip Hills Farm,8,3,2025-11-22,0.2,0.11780032050500713,0.8465503618618067,0.40930033704772695
76,Rhubarb,fruits,Bristol Organics,10,1,2024-06-05,0.0,0.1471091975877758,0.6938712380874317,0.3658140137876381
76,Honey,preserves,Mendip Hills Farm,4,1,2024-01-23,0.0,0.0700995383402134,0.7514729650891034,0.3426489090397694
77,Whole Milk,dairy,Cotswold Fresh,14,3,2025-11-17,0.2,0.20695743090767238,0.7925408261077168,0.44119078898769015
77,Leeks,vegetables,Green Valley Farm,16,3,2025-11-10,0.2,0.2208021617342877,0.7373291625682783,0.42741296206788393
77,Red Onions,vegetables,Cotswold Fresh,11,1,2025-03-09,0.0,0.15896138542113167,0.755293701719399,0.3974943119404386
77,Carrots,vegetables,Cotswold Fresh,6,2,2025-11-17,0.1,0.09533354689645615,0.7028597955063813,0.3383440463404262
77,Broccoli,vegetables,Green Valley Farm,9,2,2025-11-10,0.1,0.14041900842716362,0.5659270341500133,0.3106222187163035
78,Wholemeal Bread,bakery,Cotswold Fresh,73,11,2025-11-17,1.0,1.0,0.9769476810914212,0.9907790724365685
78,Sourdough Loaf,bakery,River Bend Nursery,37,10,2025-11-17,0.9,0.5113169623066475,0.9729178934125641,0.6959573347490141
78,Red Onions,vegetables,Cotswold Fresh,11,3,2025-01-05,0.2,0.16131717165044554,0.7768345795310012,0.4075241348026678
78,Strawberry Jam,preserves,Cotswold Fresh,6,2,2025-06-11,0.1,0.09475648813007814,0.6451912907407181,0.3149304091743341
78,Chutney,preserves,Cotswold Fresh,3,1,2025-01-05,0.0,0.05452938121681843,0.322491063150218,0.1617140539901783
79,Strawberry Jam,preserves,River Bend Nursery,12,3,2025-11-06,0.2,0.17429231858284705,0.8203266679606867,0.4327060583339829
79,Honey,preserves,Green Valley Farm,10,3,2024-12-31,0.2,0.14760820107745276,0.8464197747390275,0.4271328305420827
79,Wholemeal Bread,bakery,Wye Valley Growers,7,2,2025-08-31,0.1,0.10742193615155432,0.7041671446694632,0.34612001955871785
79,Rhubarb,fruits,Green Valley Farm,6,1,2024-05-22,0.0,0.08809467937460429,0.7009260680835252,0.3332272348581727
79,Sourdough Loaf,bakery,Bristol Organics,3,2,2025-06-27,0.1,0.053578266171284826,0.7458542028262167,0.3304886408332576
8,Red Onions,vegetables,Cotswold Fresh,35,7,2025-08-16,0.6,0.48608884482123493,0.822055521397659,0.6204755154518046
8,Tomatoes,vegetables,Wye Valley Growers,25,5,2025-04-04,0.4,0.35234948169052754,0.8958130910468284,0.5697349254330479
8,Carrots,vegetables,Wye Valley Growers,20,5,2025-01-31,0.4,0.28383935016371364,0.8408754934181926,0.5066538074655053
8,Broccoli,vegetables,Wye Valley Growers,14,4,2025-02-16,0.3,0.2050456413094951,0.825593404546725,0.4532647466043871
8,Kale,vegetables,Cotswold Fresh,18,4,2025-10-08,0.3,0.259803193642346,0.703870222484535,0.4374300051792216
80,Potatoes,vegetables,Avon Growers,9,2,2025-04-16,0.1,0.13302564290709576,0.7573677247030103,0.38276247562546156
80,Kale,vegetables,Green Valley Farm,7,3,2025-10-10,0.2,0.11746240743340011,0.7627624231271837,0.37558241371091355
80,Red Onions,vegetables,Bristol Organics,8,2,2025-10-10,0.1,0.11596155773165207,0.7330046368206276,0.3627787893672423
80,Chutney,preserves,Avon Growers,7,2,2025-04-16,0.1,0.10558716658068101,0.6614032414421183,0.32791359652525587
80,Carrots,vegetables,Avon Growers,8,2,2025-10-10,0.1,0.12999533487929432,0.5596740360288077,0.30186681533909965
9,Wholemeal Bread,bakery,Wye Valley Growers,17,4,2025-11-11,0.3,0.2431959929763153,0.8922610405853857,0.5028220120199435
9,Strawberry Jam,preserves,Mendip Hills Farm,17,3,2025-08-03,0.2,0.24148412591643717,0.7856195035678859,0.45913827697701665
9,Red Onions,vegetables,Mendip Hills Farm,9,3,2025-08-03,0.2,0.13239894816645723,0.811183588366066,0.40391280424630077
9,Honey,preserves,Wye Valley Growers,2,2,2024-08-20,0.1,0.04126572598478245,0.8465392029424138,0.363375116767835
9,Kale,vegetables,Cotswold Fresh,9,2,2025-11-11,0.1,0.1374738832449974,0.6930312549536621,0.3596968319284633
